race,age,value
All,Ages 0-5,0.603399433427762
Black,Ages 0-5,0.7354476114010438
Hispanic,Ages 0-5,0.7116345467523197
White,Ages 0-5,0.2807469414037347
