"name","group","rate","number"
"New Haven","Ages 15-34","0.09759778644195699","1552"
"New Haven","Ages 35-64","0.3574606228207286","8919"
"New Haven","Ages 65+","0.4376541825521417","3903"